ID,URL,Title,Difficulty,Acceptance %,Frequency %
968,https://leetcode.com/problems/binary-tree-cameras,Binary Tree Cameras,Hard,48.00%,100.00%
3469,https://leetcode.com/problems/find-minimum-cost-to-remove-array-elements,Find Minimum Cost to Remove Array Elements,Medium,22.00%,87.50%
17,https://leetcode.com/problems/letter-combinations-of-a-phone-number,Letter Combinations of a Phone Number,Medium,66.40%,75.00%
2920,https://leetcode.com/problems/maximum-points-after-collecting-coins-from-all-nodes,Maximum Points After Collecting Coins From All Nodes,Hard,36.90%,75.00%
1122,https://leetcode.com/problems/relative-sort-array,Relative Sort Array,Easy,75.30%,75.00%
3077,https://leetcode.com/problems/maximum-strength-of-k-disjoint-subarrays,Maximum Strength of K Disjoint Subarrays,Hard,28.10%,75.00%
2171,https://leetcode.com/problems/removing-minimum-number-of-magic-beans,Removing Minimum Number of Magic Beans,Medium,44.80%,75.00%
3082,https://leetcode.com/problems/find-the-sum-of-the-power-of-all-subsequences,Find the Sum of the Power of All Subsequences,Hard,38.70%,75.00%
3108,https://leetcode.com/problems/minimum-cost-walk-in-weighted-graph,Minimum Cost Walk in Weighted Graph,Hard,68.20%,75.00%
3085,https://leetcode.com/problems/minimum-deletions-to-make-string-k-special,Minimum Deletions to Make String K-Special,Medium,67.10%,75.00%
1262,https://leetcode.com/problems/greatest-sum-divisible-by-three,Greatest Sum Divisible by Three,Medium,57.00%,75.00%
2343,https://leetcode.com/problems/query-kth-smallest-trimmed-number,Query Kth Smallest Trimmed Number,Medium,47.90%,75.00%
2352,https://leetcode.com/problems/equal-row-and-column-pairs,Equal Row and Column Pairs,Medium,71.10%,75.00%
3209,https://leetcode.com/problems/number-of-subarrays-with-and-value-of-k,Number of Subarrays With AND Value of K,Hard,35.60%,75.00%
1326,https://leetcode.com/problems/minimum-number-of-taps-to-open-to-water-a-garden,Minimum Number of Taps to Open to Water a Garden,Hard,51.00%,75.00%
1358,https://leetcode.com/problems/number-of-substrings-containing-all-three-characters,Number of Substrings Containing All Three Characters,Medium,74.40%,75.00%
2875,https://leetcode.com/problems/minimum-size-subarray-in-infinite-array,Minimum Size Subarray in Infinite Array,Medium,32.40%,75.00%
2430,https://leetcode.com/problems/maximum-deletions-on-a-string,Maximum Deletions on a String,Hard,36.20%,75.00%
2387,https://leetcode.com/problems/median-of-a-row-wise-sorted-matrix,Median of a Row Wise Sorted Matrix,Medium,71.30%,75.00%
2542,https://leetcode.com/problems/maximum-subsequence-score,Maximum Subsequence Score,Medium,54.80%,75.00%
2660,https://leetcode.com/problems/determine-the-winner-of-a-bowling-game,Determine the Winner of a Bowling Game,Easy,37.90%,75.00%
2558,https://leetcode.com/problems/take-gifts-from-the-richest-pile,Take Gifts From the Richest Pile,Easy,75.50%,75.00%
2644,https://leetcode.com/problems/find-the-maximum-divisibility-score,Find the Maximum Divisibility Score,Easy,52.10%,75.00%
1679,https://leetcode.com/problems/max-number-of-k-sum-pairs,Max Number of K-Sum Pairs,Medium,57.20%,75.00%
2800,https://leetcode.com/problems/shortest-string-that-contains-three-strings,Shortest String That Contains Three Strings,Medium,32.00%,75.00%
1927,https://leetcode.com/problems/sum-game,Sum Game,Medium,49.50%,75.00%
2972,https://leetcode.com/problems/count-the-number-of-incremovable-subarrays-ii,Count the Number of Incremovable Subarrays II,Hard,40.50%,75.00%
2984,https://leetcode.com/problems/find-peak-calling-hours-for-each-city,Find Peak Calling Hours for Each City,Medium,61.40%,75.00%
3323,https://leetcode.com/problems/minimize-connected-groups-by-inserting-interval,Minimize Connected Groups by Inserting Interval,Medium,50.10%,75.00%
3332,https://leetcode.com/problems/maximum-points-tourist-can-earn,Maximum Points Tourist Can Earn,Medium,47.90%,75.00%
3383,https://leetcode.com/problems/minimum-runes-to-add-to-cast-spell,Minimum Runes to Add to Cast Spell,Hard,44.70%,75.00%
3628,https://leetcode.com/problems/maximum-number-of-subsequences-after-one-inserting,Maximum Number of Subsequences After One Inserting,Medium,32.10%,75.00%
42,https://leetcode.com/problems/trapping-rain-water,Trapping Rain Water,Hard,67.70%,62.50%
198,https://leetcode.com/problems/house-robber,House Robber,Medium,53.40%,62.50%
239,https://leetcode.com/problems/sliding-window-maximum,Sliding Window Maximum,Hard,49.00%,62.50%
380,https://leetcode.com/problems/insert-delete-getrandom-o1,Insert Delete GetRandom O(1),Medium,55.40%,62.50%
440,https://leetcode.com/problems/k-th-smallest-in-lexicographical-order,K-th Smallest in Lexicographical Order,Hard,46.40%,62.50%
20,https://leetcode.com/problems/valid-parentheses,Valid Parentheses,Easy,44.50%,62.50%
169,https://leetcode.com/problems/majority-element,Majority Element,Easy,66.40%,62.50%
871,https://leetcode.com/problems/minimum-number-of-refueling-stops,Minimum Number of Refueling Stops,Hard,41.60%,62.50%
779,https://leetcode.com/problems/k-th-symbol-in-grammar,K-th Symbol in Grammar,Medium,48.50%,62.50%
2434,https://leetcode.com/problems/using-a-robot-to-print-the-lexicographically-smallest-string,Using a Robot to Print the Lexicographically Smallest String,Medium,62.20%,62.50%
767,https://leetcode.com/problems/reorganize-string,Reorganize String,Medium,57.30%,62.50%
4,https://leetcode.com/problems/median-of-two-sorted-arrays,Median of Two Sorted Arrays,Hard,47.00%,50.00%
128,https://leetcode.com/problems/longest-consecutive-sequence,Longest Consecutive Sequence,Medium,47.20%,50.00%
152,https://leetcode.com/problems/maximum-product-subarray,Maximum Product Subarray,Medium,36.70%,50.00%
2551,https://leetcode.com/problems/put-marbles-in-bags,Put Marbles in Bags,Hard,72.10%,50.00%
752,https://leetcode.com/problems/open-the-lock,Open the Lock,Medium,61.40%,50.00%
3016,https://leetcode.com/problems/minimum-number-of-pushes-to-type-word-ii,Minimum Number of Pushes to Type Word II,Medium,80.00%,50.00%
875,https://leetcode.com/problems/koko-eating-bananas,Koko Eating Bananas,Medium,50.20%,50.00%
2617,https://leetcode.com/problems/minimum-number-of-visited-cells-in-a-grid,Minimum Number of Visited Cells in a Grid,Hard,24.00%,50.00%
1283,https://leetcode.com/problems/find-the-smallest-divisor-given-a-threshold,Find the Smallest Divisor Given a Threshold,Medium,66.30%,50.00%
475,https://leetcode.com/problems/heaters,Heaters,Medium,42.20%,50.00%
1574,https://leetcode.com/problems/shortest-subarray-to-be-removed-to-make-array-sorted,Shortest Subarray to be Removed to Make Array Sorted,Medium,51.40%,50.00%
668,https://leetcode.com/problems/kth-smallest-number-in-multiplication-table,Kth Smallest Number in Multiplication Table,Hard,54.40%,50.00%
829,https://leetcode.com/problems/consecutive-numbers-sum,Consecutive Numbers Sum,Hard,42.80%,50.00%
518,https://leetcode.com/problems/coin-change-ii,Coin Change II,Medium,59.60%,50.00%
470,https://leetcode.com/problems/implement-rand10-using-rand7,Implement Rand10() Using Rand7(),Medium,46.50%,50.00%
168,https://leetcode.com/problems/excel-sheet-column-title,Excel Sheet Column Title,Easy,46.90%,50.00%
1048,https://leetcode.com/problems/longest-string-chain,Longest String Chain,Medium,63.30%,50.00%
3281,https://leetcode.com/problems/maximize-score-of-numbers-in-ranges,Maximize Score of Numbers in Ranges,Medium,35.90%,50.00%
2104,https://leetcode.com/problems/sum-of-subarray-ranges,Sum of Subarray Ranges,Medium,61.50%,50.00%
735,https://leetcode.com/problems/asteroid-collision,Asteroid Collision,Medium,48.40%,50.00%
2221,https://leetcode.com/problems/find-triangular-sum-of-an-array,Find Triangular Sum of an Array,Medium,82.00%,50.00%
200,https://leetcode.com/problems/number-of-islands,Number of Islands,Medium,64.70%,50.00%
146,https://leetcode.com/problems/lru-cache,LRU Cache,Medium,47.60%,50.00%
994,https://leetcode.com/problems/rotting-oranges,Rotting Oranges,Medium,59.00%,50.00%
1000,https://leetcode.com/problems/minimum-cost-to-merge-stones,Minimum Cost to Merge Stones,Hard,46.40%,50.00%
3,https://leetcode.com/problems/longest-substring-without-repeating-characters,Longest Substring Without Repeating Characters,Medium,39.40%,50.00%
1642,https://leetcode.com/problems/furthest-building-you-can-reach,Furthest Building You Can Reach,Medium,51.00%,50.00%
74,https://leetcode.com/problems/search-a-2d-matrix,Search a 2D Matrix,Medium,54.30%,50.00%
424,https://leetcode.com/problems/longest-repeating-character-replacement,Longest Repeating Character Replacement,Medium,60.10%,50.00%
121,https://leetcode.com/problems/best-time-to-buy-and-sell-stock,Best Time to Buy and Sell Stock,Easy,57.00%,37.50%
227,https://leetcode.com/problems/basic-calculator-ii,Basic Calculator II,Medium,47.00%,37.50%
1383,https://leetcode.com/problems/maximum-performance-of-a-team,Maximum Performance of a Team,Hard,47.80%,37.50%
852,https://leetcode.com/problems/peak-index-in-a-mountain-array,Peak Index in a Mountain Array,Medium,66.80%,37.50%
122,https://leetcode.com/problems/best-time-to-buy-and-sell-stock-ii,Best Time to Buy and Sell Stock II,Medium,71.30%,37.50%
1569,https://leetcode.com/problems/number-of-ways-to-reorder-array-to-get-same-bst,Number of Ways to Reorder Array to Get Same BST,Hard,54.20%,37.50%
2680,https://leetcode.com/problems/maximum-or,Maximum OR,Medium,43.40%,37.50%
209,https://leetcode.com/problems/minimum-size-subarray-sum,Minimum Size Subarray Sum,Medium,52.20%,37.50%
18,https://leetcode.com/problems/4sum,4Sum,Medium,41.10%,37.50%
943,https://leetcode.com/problems/find-the-shortest-superstring,Find the Shortest Superstring,Hard,45.50%,37.50%
34,https://leetcode.com/problems/find-first-and-last-position-of-element-in-sorted-array,Find First and Last Position of Element in Sorted Array,Medium,49.30%,37.50%
410,https://leetcode.com/problems/split-array-largest-sum,Split Array Largest Sum,Hard,60.90%,37.50%
341,https://leetcode.com/problems/flatten-nested-list-iterator,Flatten Nested List Iterator,Medium,65.80%,37.50%
1244,https://leetcode.com/problems/design-a-leaderboard,Design A Leaderboard,Medium,68.10%,37.50%
91,https://leetcode.com/problems/decode-ways,Decode Ways,Medium,38.20%,37.50%
68,https://leetcode.com/problems/text-justification,Text Justification,Hard,51.50%,37.50%
1434,https://leetcode.com/problems/number-of-ways-to-wear-different-hats-to-each-other,Number of Ways to Wear Different Hats to Each Other,Hard,46.40%,37.50%
212,https://leetcode.com/problems/word-search-ii,Word Search II,Hard,38.60%,37.50%
32,https://leetcode.com/problems/longest-valid-parentheses,Longest Valid Parentheses,Hard,39.10%,37.50%
44,https://leetcode.com/problems/wildcard-matching,Wildcard Matching,Hard,32.30%,37.50%
1368,https://leetcode.com/problems/minimum-cost-to-make-at-least-one-valid-path-in-a-grid,Minimum Cost to Make at Least One Valid Path in a Grid,Hard,71.10%,37.50%
2222,https://leetcode.com/problems/number-of-ways-to-select-buildings,Number of Ways to Select Buildings,Medium,51.00%,37.50%
962,https://leetcode.com/problems/maximum-width-ramp,Maximum Width Ramp,Medium,55.90%,37.50%
851,https://leetcode.com/problems/loud-and-rich,Loud and Rich,Medium,63.80%,37.50%
696,https://leetcode.com/problems/count-binary-substrings,Count Binary Substrings,Easy,70.50%,37.50%
1,https://leetcode.com/problems/two-sum,Two Sum,Easy,57.80%,37.50%
88,https://leetcode.com/problems/merge-sorted-array,Merge Sorted Array,Easy,55.20%,37.50%
316,https://leetcode.com/problems/remove-duplicate-letters,Remove Duplicate Letters,Medium,53.50%,37.50%
213,https://leetcode.com/problems/house-robber-ii,House Robber II,Medium,45.20%,37.50%
11,https://leetcode.com/problems/container-with-most-water,Container With Most Water,Medium,60.40%,37.50%
99,https://leetcode.com/problems/recover-binary-search-tree,Recover Binary Search Tree,Medium,60.20%,37.50%
242,https://leetcode.com/problems/valid-anagram,Valid Anagram,Easy,68.30%,37.50%
134,https://leetcode.com/problems/gas-station,Gas Station,Medium,48.30%,37.50%
